{
  "fio version" : "fio-3.28",
  "timestamp" : 1748016172,
  "timestamp_ms" : 1748016172245,
  "time" : "Fri May 23 18:02:52 2025",
  "jobs" : [
    {
      "jobname" : "test",
      "groupid" : 0,
      "error" : 0,
      "eta" : 0,
      "elapsed" : 4,
      "job options" : {
        "name" : "test",
        "filename" : "/tmp/nvme0n2",
        "rw" : "randread",
        "bs" : "4k",
        "iodepth" : "32",
        "runtime" : "3",
        "numjobs" : "1",
        "size" : "1G"
      },
      "read" : {
        "io_bytes" : 164937728,
        "io_kbytes" : 161072,
        "bw_bytes" : 54960922,
        "bw" : 53672,
        "iops" : 13418.193935,
        "runtime" : 3001,
        "total_ios" : 40268,
        "short_ios" : 0,
        "drop_ios" : 0,
        "slat_ns" : {
          "min" : 0,
          "max" : 0,
          "mean" : 0.000000,
          "stddev" : 0.000000,
          "N" : 0
        },
        "clat_ns" : {
          "min" : 54533,
          "max" : 11910961,
          "mean" : 73657.279353,
          "stddev" : 65375.739020,
          "N" : 40268,
          "percentile" : {
            "1.000000" : 55552,
            "5.000000" : 56064,
            "10.000000" : 57600,
            "20.000000" : 58624,
            "30.000000" : 60672,
            "40.000000" : 63744,
            "50.000000" : 69120,
            "60.000000" : 71168,
            "70.000000" : 74240,
            "80.000000" : 83456,
            "90.000000" : 100864,
            "95.000000" : 110080,
            "99.000000" : 136192,
            "99.500000" : 152576,
            "99.900000" : 246784,
            "99.950000" : 305152,
            "99.990000" : 929792
          }
        },
        "lat_ns" : {
          "min" : 54550,
          "max" : 11911580,
          "mean" : 73697.233163,
          "stddev" : 65380.517225,
          "N" : 40268
        },
        "bw_min" : 49440,
        "bw_max" : 55680,
        "bw_agg" : 99.804789,
        "bw_mean" : 53568.000000,
        "bw_dev" : 2426.104697,
        "bw_samples" : 5,
        "iops_min" : 12360,
        "iops_max" : 13920,
        "iops_mean" : 13392.000000,
        "iops_stddev" : 606.526174,
        "iops_samples" : 5
      },
      "write" : {
        "io_bytes" : 0,
        "io_kbytes" : 0,
        "bw_bytes" : 0,
        "bw" : 0,
        "iops" : 0.000000,
        "runtime" : 0,
        "total_ios" : 0,
        "short_ios" : 0,
        "drop_ios" : 0,
        "slat_ns" : {
          "min" : 0,
          "max" : 0,
          "mean" : 0.000000,
          "stddev" : 0.000000,
          "N" : 0
        },
        "clat_ns" : {
          "min" : 0,
          "max" : 0,
          "mean" : 0.000000,
          "stddev" : 0.000000,
          "N" : 0
        },
        "lat_ns" : {
          "min" : 0,
          "max" : 0,
          "mean" : 0.000000,
          "stddev" : 0.000000,
          "N" : 0
        },
        "bw_min" : 0,
        "bw_max" : 0,
        "bw_agg" : 0.000000,
        "bw_mean" : 0.000000,
        "bw_dev" : 0.000000,
        "bw_samples" : 0,
        "iops_min" : 0,
        "iops_max" : 0,
        "iops_mean" : 0.000000,
        "iops_stddev" : 0.000000,
        "iops_samples" : 0
      },
      "trim" : {
        "io_bytes" : 0,
        "io_kbytes" : 0,
        "bw_bytes" : 0,
        "bw" : 0,
        "iops" : 0.000000,
        "runtime" : 0,
        "total_ios" : 0,
        "short_ios" : 0,
        "drop_ios" : 0,
        "slat_ns" : {
          "min" : 0,
          "max" : 0,
          "mean" : 0.000000,
          "stddev" : 0.000000,
          "N" : 0
        },
        "clat_ns" : {
          "min" : 0,
          "max" : 0,
          "mean" : 0.000000,
          "stddev" : 0.000000,
          "N" : 0
        },
        "lat_ns" : {
          "min" : 0,
          "max" : 0,
          "mean" : 0.000000,
          "stddev" : 0.000000,
          "N" : 0
        },
        "bw_min" : 0,
        "bw_max" : 0,
        "bw_agg" : 0.000000,
        "bw_mean" : 0.000000,
        "bw_dev" : 0.000000,
        "bw_samples" : 0,
        "iops_min" : 0,
        "iops_max" : 0,
        "iops_mean" : 0.000000,
        "iops_stddev" : 0.000000,
        "iops_samples" : 0
      },
      "sync" : {
        "total_ios" : 0,
        "lat_ns" : {
          "min" : 0,
          "max" : 0,
          "mean" : 0.000000,
          "stddev" : 0.000000,
          "N" : 0
        }
      },
      "job_runtime" : 3000,
      "usr_cpu" : 1.033333,
      "sys_cpu" : 7.600000,
      "ctx" : 40303,
      "majf" : 0,
      "minf" : 13,
      "iodepth_level" : {
        "1" : 100.000000,
        "2" : 0.000000,
        "4" : 0.000000,
        "8" : 0.000000,
        "16" : 0.000000,
        "32" : 0.000000,
        ">=64" : 0.000000
      },
      "iodepth_submit" : {
        "0" : 0.000000,
        "4" : 100.000000,
        "8" : 0.000000,
        "16" : 0.000000,
        "32" : 0.000000,
        "64" : 0.000000,
        ">=64" : 0.000000
      },
      "iodepth_complete" : {
        "0" : 0.000000,
        "4" : 100.000000,
        "8" : 0.000000,
        "16" : 0.000000,
        "32" : 0.000000,
        "64" : 0.000000,
        ">=64" : 0.000000
      },
      "latency_ns" : {
        "2" : 0.000000,
        "4" : 0.000000,
        "10" : 0.000000,
        "20" : 0.000000,
        "50" : 0.000000,
        "100" : 0.000000,
        "250" : 0.000000,
        "500" : 0.000000,
        "750" : 0.000000,
        "1000" : 0.000000
      },
      "latency_us" : {
        "2" : 0.000000,
        "4" : 0.000000,
        "10" : 0.000000,
        "20" : 0.000000,
        "50" : 0.000000,
        "100" : 89.458131,
        "250" : 10.447502,
        "500" : 0.079468,
        "750" : 0.010000,
        "1000" : 0.010000
      },
      "latency_ms" : {
        "2" : 0.010000,
        "4" : 0.010000,
        "10" : 0.000000,
        "20" : 0.010000,
        "50" : 0.000000,
        "100" : 0.000000,
        "250" : 0.000000,
        "500" : 0.000000,
        "750" : 0.000000,
        "1000" : 0.000000,
        "2000" : 0.000000,
        ">=2000" : 0.000000
      },
      "latency_depth" : 32,
      "latency_target" : 0,
      "latency_percentile" : 100.000000,
      "latency_window" : 0
    }
  ],
  "disk_util" : [
    {
      "name" : "nvme1n1",
      "read_ios" : 154338,
      "write_ios" : 190,
      "read_merges" : 0,
      "write_merges" : 28,
      "read_ticks" : 10655,
      "write_ticks" : 8,
      "in_queue" : 10663,
      "util" : 78.434666
    }
  ]
}
