{
  "fio version" : "fio-3.28",
  "timestamp" : 1748016172,
  "timestamp_ms" : 1748016172244,
  "time" : "Fri May 23 18:02:52 2025",
  "jobs" : [
    {
      "jobname" : "test",
      "groupid" : 0,
      "error" : 0,
      "eta" : 0,
      "elapsed" : 4,
      "job options" : {
        "name" : "test",
        "filename" : "/tmp/nvme0n3",
        "rw" : "randread",
        "bs" : "4k",
        "iodepth" : "32",
        "runtime" : "3",
        "numjobs" : "1",
        "size" : "1G"
      },
      "read" : {
        "io_bytes" : 165543936,
        "io_kbytes" : 161664,
        "bw_bytes" : 55162924,
        "bw" : 53870,
        "iops" : 13467.510830,
        "runtime" : 3001,
        "total_ios" : 40416,
        "short_ios" : 0,
        "drop_ios" : 0,
        "slat_ns" : {
          "min" : 0,
          "max" : 0,
          "mean" : 0.000000,
          "stddev" : 0.000000,
          "N" : 0
        },
        "clat_ns" : {
          "min" : 54493,
          "max" : 16941365,
          "mean" : 73531.011085,
          "stddev" : 88747.128570,
          "N" : 40416,
          "percentile" : {
            "1.000000" : 55552,
            "5.000000" : 56576,
            "10.000000" : 57600,
            "20.000000" : 58624,
            "30.000000" : 60160,
            "40.000000" : 63232,
            "50.000000" : 69120,
            "60.000000" : 71168,
            "70.000000" : 73216,
            "80.000000" : 83456,
            "90.000000" : 100864,
            "95.000000" : 111104,
            "99.000000" : 134144,
            "99.500000" : 150528,
            "99.900000" : 222208,
            "99.950000" : 296960,
            "99.990000" : 1220608
          }
        },
        "lat_ns" : {
          "min" : 54509,
          "max" : 16942123,
          "mean" : 73571.123911,
          "stddev" : 88751.696113,
          "N" : 40416
        },
        "bw_min" : 50344,
        "bw_max" : 55608,
        "bw_agg" : 99.944231,
        "bw_mean" : 53840.000000,
        "bw_dev" : 2039.121379,
        "bw_samples" : 5,
        "iops_min" : 12586,
        "iops_max" : 13902,
        "iops_mean" : 13460.000000,
        "iops_stddev" : 509.780345,
        "iops_samples" : 5
      },
      "write" : {
        "io_bytes" : 0,
        "io_kbytes" : 0,
        "bw_bytes" : 0,
        "bw" : 0,
        "iops" : 0.000000,
        "runtime" : 0,
        "total_ios" : 0,
        "short_ios" : 0,
        "drop_ios" : 0,
        "slat_ns" : {
          "min" : 0,
          "max" : 0,
          "mean" : 0.000000,
          "stddev" : 0.000000,
          "N" : 0
        },
        "clat_ns" : {
          "min" : 0,
          "max" : 0,
          "mean" : 0.000000,
          "stddev" : 0.000000,
          "N" : 0
        },
        "lat_ns" : {
          "min" : 0,
          "max" : 0,
          "mean" : 0.000000,
          "stddev" : 0.000000,
          "N" : 0
        },
        "bw_min" : 0,
        "bw_max" : 0,
        "bw_agg" : 0.000000,
        "bw_mean" : 0.000000,
        "bw_dev" : 0.000000,
        "bw_samples" : 0,
        "iops_min" : 0,
        "iops_max" : 0,
        "iops_mean" : 0.000000,
        "iops_stddev" : 0.000000,
        "iops_samples" : 0
      },
      "trim" : {
        "io_bytes" : 0,
        "io_kbytes" : 0,
        "bw_bytes" : 0,
        "bw" : 0,
        "iops" : 0.000000,
        "runtime" : 0,
        "total_ios" : 0,
        "short_ios" : 0,
        "drop_ios" : 0,
        "slat_ns" : {
          "min" : 0,
          "max" : 0,
          "mean" : 0.000000,
          "stddev" : 0.000000,
          "N" : 0
        },
        "clat_ns" : {
          "min" : 0,
          "max" : 0,
          "mean" : 0.000000,
          "stddev" : 0.000000,
          "N" : 0
        },
        "lat_ns" : {
          "min" : 0,
          "max" : 0,
          "mean" : 0.000000,
          "stddev" : 0.000000,
          "N" : 0
        },
        "bw_min" : 0,
        "bw_max" : 0,
        "bw_agg" : 0.000000,
        "bw_mean" : 0.000000,
        "bw_dev" : 0.000000,
        "bw_samples" : 0,
        "iops_min" : 0,
        "iops_max" : 0,
        "iops_mean" : 0.000000,
        "iops_stddev" : 0.000000,
        "iops_samples" : 0
      },
      "sync" : {
        "total_ios" : 0,
        "lat_ns" : {
          "min" : 0,
          "max" : 0,
          "mean" : 0.000000,
          "stddev" : 0.000000,
          "N" : 0
        }
      },
      "job_runtime" : 3000,
      "usr_cpu" : 1.333333,
      "sys_cpu" : 6.733333,
      "ctx" : 40452,
      "majf" : 0,
      "minf" : 14,
      "iodepth_level" : {
        "1" : 100.000000,
        "2" : 0.000000,
        "4" : 0.000000,
        "8" : 0.000000,
        "16" : 0.000000,
        "32" : 0.000000,
        ">=64" : 0.000000
      },
      "iodepth_submit" : {
        "0" : 0.000000,
        "4" : 100.000000,
        "8" : 0.000000,
        "16" : 0.000000,
        "32" : 0.000000,
        "64" : 0.000000,
        ">=64" : 0.000000
      },
      "iodepth_complete" : {
        "0" : 0.000000,
        "4" : 100.000000,
        "8" : 0.000000,
        "16" : 0.000000,
        "32" : 0.000000,
        "64" : 0.000000,
        ">=64" : 0.000000
      },
      "latency_ns" : {
        "2" : 0.000000,
        "4" : 0.000000,
        "10" : 0.000000,
        "20" : 0.000000,
        "50" : 0.000000,
        "100" : 0.000000,
        "250" : 0.000000,
        "500" : 0.000000,
        "750" : 0.000000,
        "1000" : 0.000000
      },
      "latency_us" : {
        "2" : 0.000000,
        "4" : 0.000000,
        "10" : 0.000000,
        "20" : 0.000000,
        "50" : 0.000000,
        "100" : 89.548694,
        "250" : 10.369656,
        "500" : 0.061857,
        "750" : 0.010000,
        "1000" : 0.000000
      },
      "latency_ms" : {
        "2" : 0.010000,
        "4" : 0.010000,
        "10" : 0.000000,
        "20" : 0.010000,
        "50" : 0.000000,
        "100" : 0.000000,
        "250" : 0.000000,
        "500" : 0.000000,
        "750" : 0.000000,
        "1000" : 0.000000,
        "2000" : 0.000000,
        ">=2000" : 0.000000
      },
      "latency_depth" : 32,
      "latency_target" : 0,
      "latency_percentile" : 100.000000,
      "latency_window" : 0
    }
  ],
  "disk_util" : [
    {
      "name" : "nvme1n1",
      "read_ios" : 154228,
      "write_ios" : 190,
      "read_merges" : 0,
      "write_merges" : 28,
      "read_ticks" : 10647,
      "write_ticks" : 8,
      "in_queue" : 10655,
      "util" : 78.393817
    }
  ]
}
