{
  "fio version" : "fio-3.28",
  "timestamp" : 1748016172,
  "timestamp_ms" : 1748016172253,
  "time" : "Fri May 23 18:02:52 2025",
  "jobs" : [
    {
      "jobname" : "test",
      "groupid" : 0,
      "error" : 0,
      "eta" : 0,
      "elapsed" : 4,
      "job options" : {
        "name" : "test",
        "filename" : "/tmp/nvme0n4",
        "rw" : "randread",
        "bs" : "4k",
        "iodepth" : "32",
        "runtime" : "3",
        "numjobs" : "1",
        "size" : "1G"
      },
      "read" : {
        "io_bytes" : 165298176,
        "io_kbytes" : 161424,
        "bw_bytes" : 55081031,
        "bw" : 53790,
        "iops" : 13447.517494,
        "runtime" : 3001,
        "total_ios" : 40356,
        "short_ios" : 0,
        "drop_ios" : 0,
        "slat_ns" : {
          "min" : 0,
          "max" : 0,
          "mean" : 0.000000,
          "stddev" : 0.000000,
          "N" : 0
        },
        "clat_ns" : {
          "min" : 54628,
          "max" : 9874699,
          "mean" : 73548.099861,
          "stddev" : 56501.633926,
          "N" : 40356,
          "percentile" : {
            "1.000000" : 55552,
            "5.000000" : 56064,
            "10.000000" : 57600,
            "20.000000" : 58624,
            "30.000000" : 60160,
            "40.000000" : 62720,
            "50.000000" : 69120,
            "60.000000" : 71168,
            "70.000000" : 73216,
            "80.000000" : 83456,
            "90.000000" : 100864,
            "95.000000" : 111104,
            "99.000000" : 138240,
            "99.500000" : 158720,
            "99.900000" : 268288,
            "99.950000" : 333824,
            "99.990000" : 937984
          }
        },
        "lat_ns" : {
          "min" : 54643,
          "max" : 9875195,
          "mean" : 73588.275349,
          "stddev" : 56505.414773,
          "N" : 40356
        },
        "bw_min" : 48552,
        "bw_max" : 55504,
        "bw_agg" : 99.970126,
        "bw_mean" : 53774.400000,
        "bw_dev" : 2947.516378,
        "bw_samples" : 5,
        "iops_min" : 12138,
        "iops_max" : 13876,
        "iops_mean" : 13443.600000,
        "iops_stddev" : 736.879095,
        "iops_samples" : 5
      },
      "write" : {
        "io_bytes" : 0,
        "io_kbytes" : 0,
        "bw_bytes" : 0,
        "bw" : 0,
        "iops" : 0.000000,
        "runtime" : 0,
        "total_ios" : 0,
        "short_ios" : 0,
        "drop_ios" : 0,
        "slat_ns" : {
          "min" : 0,
          "max" : 0,
          "mean" : 0.000000,
          "stddev" : 0.000000,
          "N" : 0
        },
        "clat_ns" : {
          "min" : 0,
          "max" : 0,
          "mean" : 0.000000,
          "stddev" : 0.000000,
          "N" : 0
        },
        "lat_ns" : {
          "min" : 0,
          "max" : 0,
          "mean" : 0.000000,
          "stddev" : 0.000000,
          "N" : 0
        },
        "bw_min" : 0,
        "bw_max" : 0,
        "bw_agg" : 0.000000,
        "bw_mean" : 0.000000,
        "bw_dev" : 0.000000,
        "bw_samples" : 0,
        "iops_min" : 0,
        "iops_max" : 0,
        "iops_mean" : 0.000000,
        "iops_stddev" : 0.000000,
        "iops_samples" : 0
      },
      "trim" : {
        "io_bytes" : 0,
        "io_kbytes" : 0,
        "bw_bytes" : 0,
        "bw" : 0,
        "iops" : 0.000000,
        "runtime" : 0,
        "total_ios" : 0,
        "short_ios" : 0,
        "drop_ios" : 0,
        "slat_ns" : {
          "min" : 0,
          "max" : 0,
          "mean" : 0.000000,
          "stddev" : 0.000000,
          "N" : 0
        },
        "clat_ns" : {
          "min" : 0,
          "max" : 0,
          "mean" : 0.000000,
          "stddev" : 0.000000,
          "N" : 0
        },
        "lat_ns" : {
          "min" : 0,
          "max" : 0,
          "mean" : 0.000000,
          "stddev" : 0.000000,
          "N" : 0
        },
        "bw_min" : 0,
        "bw_max" : 0,
        "bw_agg" : 0.000000,
        "bw_mean" : 0.000000,
        "bw_dev" : 0.000000,
        "bw_samples" : 0,
        "iops_min" : 0,
        "iops_max" : 0,
        "iops_mean" : 0.000000,
        "iops_stddev" : 0.000000,
        "iops_samples" : 0
      },
      "sync" : {
        "total_ios" : 0,
        "lat_ns" : {
          "min" : 0,
          "max" : 0,
          "mean" : 0.000000,
          "stddev" : 0.000000,
          "N" : 0
        }
      },
      "job_runtime" : 3000,
      "usr_cpu" : 1.100000,
      "sys_cpu" : 7.100000,
      "ctx" : 40389,
      "majf" : 0,
      "minf" : 13,
      "iodepth_level" : {
        "1" : 100.000000,
        "2" : 0.000000,
        "4" : 0.000000,
        "8" : 0.000000,
        "16" : 0.000000,
        "32" : 0.000000,
        ">=64" : 0.000000
      },
      "iodepth_submit" : {
        "0" : 0.000000,
        "4" : 100.000000,
        "8" : 0.000000,
        "16" : 0.000000,
        "32" : 0.000000,
        "64" : 0.000000,
        ">=64" : 0.000000
      },
      "iodepth_complete" : {
        "0" : 0.000000,
        "4" : 100.000000,
        "8" : 0.000000,
        "16" : 0.000000,
        "32" : 0.000000,
        "64" : 0.000000,
        ">=64" : 0.000000
      },
      "latency_ns" : {
        "2" : 0.000000,
        "4" : 0.000000,
        "10" : 0.000000,
        "20" : 0.000000,
        "50" : 0.000000,
        "100" : 0.000000,
        "250" : 0.000000,
        "500" : 0.000000,
        "750" : 0.000000,
        "1000" : 0.000000
      },
      "latency_us" : {
        "2" : 0.000000,
        "4" : 0.000000,
        "10" : 0.000000,
        "20" : 0.000000,
        "50" : 0.000000,
        "100" : 89.268015,
        "250" : 10.613044,
        "500" : 0.101596,
        "750" : 0.010000,
        "1000" : 0.010000
      },
      "latency_ms" : {
        "2" : 0.010000,
        "4" : 0.010000,
        "10" : 0.010000,
        "20" : 0.000000,
        "50" : 0.000000,
        "100" : 0.000000,
        "250" : 0.000000,
        "500" : 0.000000,
        "750" : 0.000000,
        "1000" : 0.000000,
        "2000" : 0.000000,
        ">=2000" : 0.000000
      },
      "latency_depth" : 32,
      "latency_target" : 0,
      "latency_percentile" : 100.000000,
      "latency_window" : 0
    }
  ],
  "disk_util" : [
    {
      "name" : "nvme1n1",
      "read_ios" : 154613,
      "write_ios" : 190,
      "read_merges" : 0,
      "write_merges" : 28,
      "read_ticks" : 10673,
      "write_ticks" : 8,
      "in_queue" : 10682,
      "util" : 78.549849
    }
  ]
}
